app,reviewer,date,score,thumbs_up,text
"Connecteam","Esme Setterfiled","2026-09-15T11:46:31.667Z",1,0,"just a joy use!"
"HotSchedules","Nicholas Potraz","2026-09-15T02:21:54.926Z",1,0,"This app worked fine for me for years and I never gave it a second thought. They just overhauled the UI with a recent update (which honestly I couldn't care less what my work schedule app looks like) and now it won't function 90% of the time. I'll open it up and it just stays on the blue Hotschedules screen and never loads anything beyond that. I have to keep force closing it over and over again until it finally works. Great job on"
"Homebase","Put Nelson","2026-09-14T23:46:04.651Z",1,0,"i don't need again"
"7shifts","Roger Waybourn","2026-09-14T20:01:46.393Z",1,0,"Really love the Clair ad preventing me from seeing my schedule."
"Homebase","Raul Goncalves","2026-09-13T23:54:02.180Z",1,0,"I manage two business locations and pay for Homebase for both. The recent Android Timesheets update made a key mobile workflow much worse. Previously, my Sunday–Saturday pay periods appeared in a simple weekly list. I could tap the correct week and quickly fix missed clock-ins or clock-outs. Now I have to navigate a calendar/date selector, adding unnecessary steps. I manage my businesses primarily from my phone. Please restore the old weekly list or make it an option."
"Sling","Dak","2026-09-13T20:54:54.951Z",1,2,"The app is very buggy. Notifications won't show up until the app is loaded meaning I am missing messages from bosses. The app has also started to refuse to load until opened, force closed and then reopened. Can you please fix this, the notification issue has been going on for literal YEARS now."
"Homebase","Seneca Busby","2026-09-13T16:19:26.838Z",1,2,"app is complete useless won't even let me get psss the login screen"
"HotSchedules","Brent Barnwell","2026-09-12T14:49:55.999Z",1,0,"Brand new update. Still barely launches correctly 50% of the time"
"HotSchedules","Robert LeFlore","2026-09-11T13:54:06.708Z",1,0,"horribly wrong can't select icons in the right upper corners, I hate it"
"When I Work","Randy Phillips","2026-09-11T12:39:57.788Z",1,0,"not easy to use scheduling preferences. froze up and can't unfreeze."
"HotSchedules","Armando Marquez","2026-09-11T08:18:12.670Z",1,0,"doesn't even show me my schedule when its supposed to I have to take a picture of my own damn schedule from work, why have this app if its not going to work?!"
"HotSchedules","A Webster","2026-09-10T06:35:17.149Z",1,0,"the app needs to go back to being free and the updates reversed."
"Sling","david Radzyuk","2026-09-09T22:40:26.590Z",1,13,"Worst app I've used. Slow to load, unreliable notifications, some fields stay blank instead of showing yes/no values, and text inputs only show one line while typing. UI feels outdated — this shouldn't be in beta, it needs more development. Also, the setting to turn off clock-in reminders doesn't work — it keeps sending reminders no matter if it's on or off. Zero stars if I could"
"HotSchedules","Matthew Carter","2026-09-09T20:06:38.922Z",1,0,"why change the layout?"
"Sling","Dustin Keeler","2026-09-09T17:48:41.296Z",2,0,"adding info without changing the schedule time or location shouldn't be a ""new shift"", what if it's denied in 2 hrs notice isn't enough"
"HotSchedules","Adina","2026-09-08T23:20:09.810Z",1,0,"worked better before the update. As a manager it'd be useful to know who's on the schedule"
"HotSchedules","Emanuel Iulian Furdui","2026-09-08T20:43:36.314Z",1,0,"one star until I can see who is working on shifts I'm not scheduled on. you used to be able to do it"
"Homebase","David L. Adams","2026-09-08T13:24:03.899Z",1,0,"Been having an issue not being able to access your app since the last update. There is a ""Stay in the Loop"" that pops up over the main page and you can not close it to use the app. Please fix."
"Homebase","Sonny H","2026-09-07T23:33:12.301Z",1,0,"after update the app , couldn't logged back into the app anymore"
"HotSchedules","Tania","2026-09-07T23:09:39.680Z",1,1,"came back to say, I hate this app. Your notification system sucks and I hate that you even get a star"
"Homebase","Marcia Heacock","2026-09-07T21:17:14.684Z",1,0,"so it won't leave the page where you agree to sign up for push notifications! I cannot access anything, I've uninstalled, reinstalled, force stopped, nothing works"
"HotSchedules","Sür Easley","2026-09-07T16:15:15.297Z",1,0,"Charging employees for an app that a company is already paying for is ridiculous. Software falls short in the easiest of places - that's to say, your software is helpful, but seeing the small places that it sucks is baffling. LAZY DEVELOPMENT. Currently, certain functions in the app aren't operating properly, but the website works fine. DON'T EVER BUY THE APP. The website does everything. And it's free. This company is shady and greedy. The Devs suck. Making excuses for design flaws? BAD APP"
"Homebase","David Brown","2026-09-06T20:13:03.675Z",1,0,"When I try to log in the app freezes on the page that asks you to choose push notifications and marketing emails. it looks like you pull down to move on but every time you pull down it bounces back preventing you from moving on to the next screen"
"Connecteam","Toko Nut","2026-09-06T15:29:25.902Z",1,0,"too many glitchy sh it on this app. the app will restart if you lock your device, the timeclock is damn glitchy n unresponsive half the time on new devices. how tf this app has a solid rating?"
"Homebase","Jessica Julo","2026-09-06T14:32:25.330Z",1,0,"The app wants me to agree to notifications. I try to agree and move on but it doesn't have a way for me to get past that page. So I am stuck looking at that only. Have tried everything to get it to go away, including clearing the cache and uninstall. I believe there is a continue button but seems glitch keeps me fro. seeing it."
"Homebase","jeremy hickey","2026-09-06T14:17:26.600Z",1,0,"haven't been able to use for the last couple days. some stay in the loop pop up window will not go away no matter what"
"When I Work","Bartholomew jr The third jr","2026-09-06T06:56:59.144Z",1,0,"horrible"
"Homebase","Shawn Glanville","2026-09-06T04:06:56.330Z",2,0,"this screen popped up saying ""stay in the loop"" now matter what it won't close and now the app is unusable."
"Homebase","Mike Hillhouse","2026-09-05T22:25:58.544Z",2,0,"the latest upgrade added a Stay in the Loop pop-up screen that I can't get rid of. I swipe to bottom of phone but it pops back up. can't use the app."
"Homebase","Colton McCormick","2026-09-05T20:43:40.368Z",1,0,"can not cmget the stay in the loop pop up screen to go away please help?"
"Homebase","George Flores","2026-09-05T18:01:14.325Z",1,0,"home was very good up untill the new update,now i can't get of this stay in the look screen. I keep trying to swipe it away and nothing."
"Homebase","Julie Armbruster","2026-09-05T14:15:53.302Z",1,0,"There is a questionare that is stuck on the screen while in the app. It prevents me from even asking for assistance to fix it."
"Planday","Thea Bee","2026-09-05T06:48:42.726Z",1,0,"painfully slow and leave requests just dont work on the app."
"Homebase","Jason S","2026-09-04T19:45:01.531Z",2,0,"the app is messing up, wants me to have push notifications"
"Homebase","Mae Arthur","2026-09-04T17:41:34.606Z",1,0,"this app is trash, i used to love it until the pop up for keeping in the loop wouldnt close, ive uninstalled and reinstalled, cleared the data and cashe and it still wont close, i enabled all notifications, still WONT CLOSE THE POP UP. Then i try finding a phone number to call and ALL the numbers do is tell you to go on to the app and contact customer service.... IT WONT LET YOU until you close the opo up which is a problem."
"Sling","Jon","2026-09-04T04:22:56.332Z",1,0,"the restaurant I got the app from tangled roots complete trash and the most overrated and worst restaurant to ever work for. BOH southern hospitality 🥶🤣"
"Homebase","chris V.","2026-09-03T20:09:57.955Z",1,1,"i have a serious issue with the gps, for one i cannot see where it clocks me in at, 2 it has no within 50 ft margin, the app has me clocked in in an area i never go, so watch outyour empmoyer could be getting faulty info back. i have video. YOU TELL ME TO CONTACT YOU AT AN EMAIL THAT IS NOT MONITORED, YA YOU REALLY CARE. SHOULD OF KNOWN."
"7shifts","Joe Zimmerman","2026-09-03T18:59:21.880Z",1,1,"Clair ad making it difficult to see shifts and can't x out of it"
"Homebase","Travis Garcia","2026-09-03T04:06:49.347Z",1,0,"pointless because the cashout feature doesn't work with my bank. why don't y'all get it straight with online banks? cmon mang...? it's the difference between 1 and 5 stars for me. just sayin'"
"Homebase","Shirley Robinson","2026-09-02T20:44:20.261Z",1,0,"app disappeared"
"Homebase","Lillian Kincaid","2026-09-02T13:07:44.689Z",1,0,"My company uses this app. While it might be useful for behind the house, as an employee, it is very frustrating to use. The app glitches out constantly, and the whole cash-out option is always broken. I can never get any real help; staff consistently lies to me, and I've recorded the lies. Customer service is atrocious. In response to your comment Homebase, I have tried all of those things. If you care about your employees and their experience do not use this app."
"Deputy","Jordan Perez","2026-09-02T11:46:30.817Z",1,0,"There are consistent issues regarding changing the availability. It always bugs and puts down a time that I didn't enter and says it ""clashes with another availability"" despite it not actually doing so. This causes confusion between me and my employer regarding scheduling. One of the work apps that makes me wonder why pen and paper timesheets aren't around anymore"
"Sling","Caitlyn A.","2026-09-01T13:15:55.908Z",2,1,"I randomly stop ge6t notifications for some unknown reason. My app settings are set to send push notifications but it spazzs out and doesn't. This really needs fixed."
"Connecteam","Ariyan Esmaeil Nejad","2026-08-30T18:45:13.446Z",1,0,"FIX THIS APP. I am in my zone and the app says: ""You are not in the work zone Please move into the marked work zone in order to clock in"""
"Connecteam","Job Harnishfeger","2026-08-28T20:33:26.316Z",1,0,"worse in every way than the last app I had to use for clocking in/out of a job (sling)"
"Sling","Darlene M Taylor","2026-08-28T06:00:57.817Z",1,0,"TCAP is not working"
"Planday","Lu","2026-08-26T17:41:22.320Z",1,0,"this app is atrocious. they keep pushing updates that actively make the user interface worse, its now so much harder to find and see your allocations including hours rendered. half the time it doesnt like clocking in or out, its buggy, messages dont send and sometimes dont recieve at all! honestly if my company moved away from this id be beyond excited to see it be purged from my phone."
"When I Work","Katrina Thurston","2026-08-26T15:57:38.826Z",1,1,"used to be great. was purchased by Ripply and sucks now. refuses to keep the start of the week day set correctly. one shift shows on multiple days if it goes past 12am (ex: 6pm-1am) so employees are confused. a ton of ""extras"" were added that make this no longer just an easy scheduling software. on the back end of MAKING the schedule on a computer, the web interface is just as bad. more complexity doesnt = good. canceling the expensive subscription to this & moving to Sling for free & simple."
"Connecteam","Alin Bogdan George Patuleanu","2026-08-26T05:13:14.981Z",1,2,"I don't need to contact anyone!!! if you don't change that and provide some evidence that you corrected that you will find yourself in front of a judge!! Let it be clear, I'm not the problem!!! You are, fix this!! NewEdit, I've noticed this morning that the app still track's me on the outside of program.....I'll start sending reclamations and mails"
"Connecteam","Comedy Kyle","2026-08-25T10:57:04.900Z",1,0,"it's the worst app it always glitches i would not recommend this app"
"Homebase","StaR Seeed","2026-08-25T06:12:53.848Z",2,0,"I have to keep resigning app and my boss have to schedule me because it don't keep my schedule."
"Connecteam","Donald Yeoman","2026-08-24T15:50:10.490Z",1,1,"track your phone even when clocked out, was told that when company decided to get for company. don't like how I can't get certain things after being terminated, ex, conversations and dates and times, explanation for PTO and who and when it was approved"
"Homebase","Tom Hicks","2026-08-24T10:10:17.250Z",2,0,"Not EASY To Understand"
"HotSchedules","Kailey McLarty","2026-08-22T19:34:36.780Z",2,0,"I was confused as to how I was going to use the app and paid for the app only to find my workplace was changing to a different, free app, and I am unsure if I am able to get my money refunded"
"Homebase","Tyler Wooten","2026-08-21T18:22:15.544Z",1,0,"this is the worst work force app ever to exist an will give you issues in every way unless you tailor to there perfect requirements and also becareful even if you meet requirements you might still not be able to use the app fully, as i said this is thee worst absolute worst app ive used for work an ive used plenty (edit: from what ive gathered from other reviews its great for the business owners but this app is horrible for employees)"
"Connecteam","Chad Blair","2026-08-21T17:22:44.543Z",1,0,"continuous crashing app never even opened. operating on brand new computer with no other crashing issues."
"Planday","Joe Sheridan","2026-08-21T15:09:09.509Z",1,0,"Last update is horrible"
"Homebase","Ryn Morales (cupidbeaux)","2026-08-21T14:57:41.416Z",1,0,"I need this app for my work schedule and I cannot access it because I'm too poor to afford a new phone and the updates will no longer work for my cell. Very cool."
"Deputy","Sebastian Rios","2026-08-21T14:13:45.699Z",1,0,"Very Slow. Terrible app and Website. I am definitely not recommending this to anyone."
"When I Work","Brandon Page","2026-08-21T06:05:47.665Z",1,0,"trash app. you can't see coworkers numbers, you can't private message singular coworkers. Just text, it's way easier and far less steps"
"Homebase","Jantzen Allgood","2026-08-20T16:40:30.780Z",2,0,"Slow, non-intuituve, inefficient UI and UX, severely limited on mobile"
"Planday","Aljhon Cerezo","2026-08-19T22:02:33.152Z",1,0,"new schedule design is awful!!!!"
"Connecteam","DrityD 8400","2026-08-19T17:39:28.950Z",1,1,"bricked my phone. just update. now I'm trying to recover my phone. had to factory reset. not happy!! will be looking in to further legal action"
"Homebase","luke johnson","2026-08-19T15:37:32.689Z",1,0,"forced to use for work. not paid well enough to afford a new phone the app works on. it used to work when it put me in 3 years of revolving debt from the cash out payday loan 'feature'. now i go to update and it can't. i can't see me schedule anymore or request days off work or find cover. why is this even possible?"
"Planday","Valgeir Bragi Þórarinsson","2026-08-19T10:51:54.102Z",1,0,"New update removed the calendar so I can no longer see who is working what day, makes it impossible to get someone to swap shifts with you because you don't have an overview of who's working as an employee. Very frustrating change, hope it gets reversed soon."
"Deputy","Matthew Dunford","2026-08-19T10:40:40.710Z",1,0,"can you separate news feed and new shift notifications instead of merging them into deputy push notifications in android"
"Homebase","Fern rios","2026-08-18T22:44:12.816Z",1,0,"Let me opt out of the new AI features, I don't agree with this useless AI. The app was perfectly fine without it."
"Planday","Claire Jones","2026-08-18T18:35:58.259Z",2,0,"Drains my battery, always running in the background and even though I turned notifications off it's still giving notifications when I'm not at work. I want to switch off from work and not get constant messages from work about work through this app. Also keeps saying I'm not on premises when I am so can not punch in... Annoying."
"Deputy","East 2win","2026-08-18T04:16:45.562Z",1,0,"app is only for boss to monitor your device usage. only used by companies who dont trust their employees"
"Homebase","Malkolm Webb","2026-08-17T22:10:13.273Z",1,0,"If you want to have missing paychecks for your staff and deal with the stress of all of them yelling at you this is a great app to manage a business. Stick to Toast if you have a restaurant or bar. bloated software too, this isn't optimized for anything but retail."
"Planday","Bela Beck","2026-08-17T21:33:15.122Z",1,1,"Please bring back the Full calendar view on the schedule tab, or an option to swap to it. It was more intuitive and easier to plan with than the new list view."
"Homebase","Kathleen Bishop","2026-08-17T13:03:42.693Z",1,0,"this app is not as good as they make it out to be. cashout is reviewed EVEY TIME YOU PAY BACK. I have been waiting for the cash out option now for over 3 weeks and I just keep being told it's under review. this app is not consistent at all and very bad when it comes to communication."
"Planday","Jana Šnepste","2026-08-17T11:58:32.712Z",1,0,"new schedule design is beyond awful. who designed it???? if I could give 0 stars I would. pls bring back old one or fix this so its at least usable"
"Sling","Jaxon Brown","2026-08-17T06:55:00.138Z",2,2,"This app is easy to use and a great tool for communicating with coworkers/management. However, there are a few bugs with the app. One of the problems I've been facing is that I have to reset the app every few months because it stops sending notifications. If those kinks were worked out, it would be a 5 star review for me. Update: App has only continued to get buggier, and the issue above has only gotten worsd, so I'm reducing my rating by 2 stars."
"Sling","Empro","2026-08-17T05:10:28.630Z",2,1,"the update made more bugs"
"Homebase","Michelle Christofalos","2026-08-17T02:35:51.000Z",1,0,"You must have a business email to use"
"Homebase","Rose","2026-08-16T18:21:20.200Z",1,0,"not letting me in"
"Deputy","sosefina afoa","2026-08-16T05:32:48.144Z",1,0,"quick and easy using for rooster"
"Sling","CosmicKai","2026-08-15T05:38:18.683Z",1,0,"No Dark Mode - Less than 1 Star"
"Deputy","dooka dook","2026-08-13T08:26:53.498Z",1,0,"Worthless app, why does it exist if it doesn't let you set your availability? I wish my workplace cost a better company than deputy"
"Deputy","Jovan Jovanovic","2026-08-12T16:12:21.250Z",1,0,"I had a very frustrating experience with Deputy. I repeatedly communicated that I wanted to cancel the Deputy HR subscription and contacted their Support team for assistance. I followed the instructions I was given and attempted to cancel through the Deputy platform, but I was unable to successfully complete the cancellation. Despite my communications and attempts to cancel, the subscription remained active and I continued to be charged."
"Connecteam","William Wrinkle","2026-08-10T15:42:32.161Z",2,1,"clocks me out every day shortly after clocking in"
"Planday","Snill","2026-08-10T10:52:27.244Z",1,0,"once your hours have been ""approved"" you can no longer find when or what times you have worked or when you clocked in or clocked out"
"HotSchedules","Cole Powers","2026-08-09T04:39:30.212Z",1,0,"Trash and its not free."
"7shifts","Jeremie Naylor","2026-08-09T03:26:06.700Z",1,2,"slow as hell for management. good luck if you want to punch in employee or add someone to schedule. app takes sometimes multiple minutes to load a simple message. it needs to be optimized."
"Homebase","Raheem Jonez","2026-08-08T09:27:35.960Z",1,0,"After spending multi hours I've realized that I won't be able to remove my personal information and account with the Home Base system. Complete runaround with so called Ai assistant and aparantly no customer service number to speak to anybody. I am a former employee that no longer requires my data to be used by Home Base and I want it gone ASAP. It shouldn't be difficult and users shouldn't be stuck with products they don't want to affiliate with."
"Connecteam","James Swafford Jr.","2026-08-07T15:00:35.603Z",1,2,"absolute worst app unless your a minute minding business owner. lost more hours than I've clocked because of this. Go back to punch clocks. this is a future of problems."
"Connecteam","Sup3rJ3di","2026-08-06T20:05:11.317Z",1,3,"Another garbage business app that barely functions. Can someone explain why this app needs my location at all times instead of when the app is open? It seems every app making idiot wants to know where I am at all times, and it's completely unreasonable. Change it to only while the app is open, geniuses. Otherwise, I consider this a privacy violation. EDIT: ""Your location is safe. Trust us, bro."" Shove that BS response. Turn it off when I'm not working. It's that simple."
"7shifts","Connor Jensen","2026-08-06T17:07:43.767Z",2,0,"it works I guess. its insanely slow. chats are super confusingly laid out, I have no idea what they were thinking. cannot upload anything other than absolutely tiny files so if you want to report an issue at work you better hope all fourteen pixels you're allowed to use can capture it. and it takes absolutely forever to upload anything. whoever designed this app has clearly never used it."
"When I Work","Cameron Borton","2026-08-06T15:49:05.176Z",1,0,"Was amazing and easy to use until it switched to Rippling. Horrible interface that ruined the app... most likely will be looking for alternatives."
"Connecteam","Rhion S","2026-08-06T02:53:37.967Z",1,0,"using this app is unpleasant because of the UI. it also drains your battery like crazy."
"Connecteam","Anto Kovacevic","2026-08-06T00:30:08.997Z",1,0,"l can have this on display, wy"
"Homebase","Laloni Corpuz","2026-08-05T22:47:58.455Z",1,0,"This app will not let me upload my replacement debit card. I've used this app for 5 years and never had the problems I've had since Monday just updating my card"
"When I Work","Alex Georgeson","2026-08-05T22:01:47.635Z",1,0,"giving you a shity review cuz you keep harassing me to give you one"
"Deputy","REJOUIS DARLIN","2026-08-05T15:03:44.300Z",1,0,"Worse app to use. Every ""updates"" make it slower. You can have the most advanced and updated phones there is, that will not improve anything."
"Connecteam","byroncos","2026-08-05T13:31:56.775Z",2,2,"the app is good, but not perfect. I like the idea of sending and keeping track of your shift inside the app after finishing your shift by the Time & Attendance notification. something that should be add as soon as possible is keep the record of all the edits and changes manager does. Just like the Time & Attendance. management is able to edit and adjust hours but it doesn't keep records of it inside the app. this issue should be addressed sooner"
"Connecteam","Andrew McConnell","2026-08-05T11:26:03.161Z",1,1,"rarely works"
"Connecteam","Ryan Werner","2026-08-04T18:29:21.264Z",2,1,"it's a time management app for my boss with the added displeasure of a social media presence... my workplace basically forced me into social media again and I've been without for more than half a decade... I hate this... oh how much I miss clocking in and out at a physical time clock..."
"Sling","Kota Bonser","2026-08-03T19:35:27.632Z",2,0,"It doesnt let me scroll through the emojis when i want to react to something."
"Connecteam","Rush Barnes (Arkhive)","2026-08-03T12:38:06.505Z",1,0,"crashes more often than it works. cant clock in, can't change assignments. I would not recommend"
"Deputy","Mauricio Checa Z","2026-08-02T19:02:29.956Z",1,0,"it's impossible to offer shifts , it used to work fine , the last 3 weeks it became impossible to offer any shifts. it is useless"
"When I Work","Atlinae","2026-07-31T17:28:47.444Z",1,0,"was good to the update. now all I get is rippling and my old job and not my current job,i have no way of knowing when I work."
"Homebase","S L","2026-07-31T14:44:29.420Z",1,19,"now you can't see what hours you worked vs what hours are left to work."
"Sling","Ceíl famg","2026-07-31T13:29:52.596Z",1,1,"worst job app to use. if you don’t check your schedule for that long, without even just a pop-up. It logs you out. to the point where it's not configured to long you back in. have to ask my manager just to send the link. yeah, this app isn't going to make it. anytime soon. kinda sucks that some jobs have to be obligated to use it. I wish I had given this zero stars. tch."
"Deputy","Matthew Simpson","2026-07-31T12:17:20.341Z",1,0,"turbo kaka. mucho no goodo. new job is besto!"
"When I Work","Z","2026-07-31T05:53:13.299Z",1,0,"never sends my messages into the work chat"
"Sling","Gerald Kolts","2026-07-30T06:49:44.437Z",1,0,"Biggest rubbish heap of an app I've ever used for professional purposes. Consistently crashing, bugging out, not loading, not sending notifications, and the list of problems goes on and on, over the 2+ years I've been forced to endure its torture. Do not use this junk, employers. I beg of you."
"Connecteam","Nikki's Nightmares","2026-07-29T17:28:36.471Z",1,1,"not updated to current versions my coworkers have on their iPhones. won't let me request time off because I can't select type to request time off for the 5 months I've had the app."
"Connecteam","Don Patch","2026-07-29T05:16:33.769Z",1,1,"Has on multiple occasions nearly made me late because of its lag. Will often need to be restarted because of it being incapable of recognizing my location, and due to its laggy nature has actually incorrectly clocked me out. If it wasn't for the fact its required for my job, I would have removed it for my sanity and job security"
"7shifts","Toby Weaver","2026-07-28T00:56:28.985Z",1,0,"worthless"
"Sling","Diarmuid “mac” Mccarthy","2026-07-27T22:30:08.780Z",1,1,"not working anymore... have issue viewing rota. using app since 2018"
"Sling","Dianna Dames","2026-07-27T17:06:06.910Z",1,1,"Not getting notifications despite confirming within Sling that I have the notification settings turned on correctly. I also checked my phone's notification settings for Sling. it must be some kind of bug. please fix this as I am missing important messages and updates about my shifts unless I manually check the app."
"Planday","Christian Nordbakk","2026-07-27T16:58:34.340Z",2,0,"Not recommended for multiple organizations, unless you're ready to wipe data every other week"
"Sling","Clandestiny","2026-07-27T16:02:07.726Z",1,1,"Bugs. all the time. Constant pain. closes all the time when you need to post anything. terrible app. do better."
"7shifts","Tera G","2026-07-26T23:36:21.435Z",2,0,"annoying. it auto notifies you of tasks only for there to be no tasks it doesn't send accurate notifications just generic ones that aren't even applicable. on demand pay approved me when my pay was only like $400 I got $200. but when pay went over $1200 it won't even approve a $100 advance. insane that I've worked over $1200 in pay and it won't approve but it did when my pay was only $400 I'm assuming using AI which explains the insane decision making. so if you want an advance skip this app"
"Sling","Alyssa Haynie","2026-07-26T21:56:26.492Z",1,1,"App literally just never works"
"Homebase","Brooklynn Aldrich","2026-07-26T13:25:24.555Z",1,0,"it randomly signs me out so I have to sign back in, however I think it deleted my account or something recently bcs I cant sign back in."
"Sling","THE Boston Wilson","2026-07-26T08:19:55.988Z",2,1,"keeps crashing and freezing. like bro lemme see my schedule"
"HotSchedules","Clark Graham","2026-07-26T08:03:59.987Z",1,0,"many times this company was sold and bought over the past few years. They don't claim responsibility for changes of the service that you signed an agreement for them to provide but they are more than happy to hold you liable to the agreement of the management of the company that you work for under state employment that they are not accountable too. If Hotschedules changes your schedule before 24 hours before your schedule time then they are not liable because they didn't change the schedule and"
"Sling","Martin Clough","2026-07-26T07:31:52.940Z",1,1,"crashes constantly doesn't load pages notification messages aren't sent logs you out constantly"
"Sling","Dwayne Koopman","2026-07-26T02:40:10.870Z",1,1,"crashes way to much"
"Sling","Sean Henze","2026-07-25T15:16:24.170Z",2,1,"been completely broken for about a week"
"Sling","Bella Buchanan","2026-07-24T23:16:25.178Z",1,1,"Since the last update, my Sling app has been crashing on me. I can't send pictures, and every time I try to post it crashes on me at least 5 times before it sends the message through."
"Planday","Orug Orug","2026-07-24T12:47:58.376Z",1,0,"don't helpful"
"Sling","Liam","2026-07-24T05:39:49.620Z",1,0,"app is borderline useless as getting basic functions to work is a task that takes at least 15 minutes of opening and closing the app over and over. I use is for work, but would properly be faster to talk to bosses and coworker via mail."
"Sling","tidus zanarkand","2026-07-23T17:28:09.650Z",1,0,"bad any job that uses this don't work for them"
"Sling","Todd Mayville","2026-07-23T16:32:11.770Z",1,0,"Terrible app. Loads slowly and crashes often on my Pixel 10. Once opened, barely functional at best. I know which app I will NOT use when I get my restaurant open. The only reason I use it is because it's the one my employer has chosen. It's awful."
"Sling","Planefan","2026-07-23T15:32:53.687Z",2,0,"Sling is a pretty great app at its core. The ability to independently swap shifts is great and makes operations way easier. The low rating is because it seems like the app has been neglected. The core functionality has been untouched for several years now (which is fine) but for months the app has suffered critical bugs, slowdowns and hangups, even preventing shift exchanges and DMs from sending which can be very, very disruptive."
"Sling","Sylvari “Mind God” Soltre","2026-07-23T14:16:26.646Z",2,0,"The recent update has just been making the app crash, I can hardly send a message to my dispatch at this point"
"Sling","Wilson Miles","2026-07-22T20:07:46.918Z",1,0,"freezes up. then you can't get your schedule. no response from developers. This isn't some game, it is an employment tool. it's not fun and games it's my job. and I cannot access vital work information. I would never recommend this tool to anyone. ever."
"Planday","Paul P","2026-07-22T18:49:05.230Z",1,0,"Horrible way to display available shifts. Instead of showing a myriad of shifts to scroll trough it should have a calendar view. Also should be color-coded better. Furthermore, when syncing the shifts with my calender, the time is set to daylight savings erroneously"
"Deputy","Ehab Badrous","2026-07-22T15:11:28.384Z",2,0,"it works betteron iphone not android. on android don’t show or receive available shifts"
"Sling","XDMAZZYXD","2026-07-22T10:34:02.822Z",1,0,"awful"
"Sling","Mandy Burnett Conneely","2026-07-22T06:46:06.736Z",2,0,"frustrating: freezes every single time I open it"
"Sling","Mike M","2026-07-22T02:52:24.334Z",1,0,"not android friendly. can't open messages"
"Sling","Stephanie Volkar","2026-07-22T02:37:46.116Z",1,0,"whatever update was done has made things worse. I can't even get beyond opening the app before it crashes . have deleted it and re-downloaded it multiple times now"
"Sling","Anthony Cyr","2026-07-21T23:50:16.621Z",1,0,"The July 13th bug fixes are a complete failure and now the app won't run properly"
"When I Work","Timbila Kabre","2026-07-21T13:00:30.320Z",1,0,"I have two jobs that both use When I Work. The app updated to being a Rippling product and now I can only see one of my work place schedules with no option to change workplaces. its very frustrating. luckily I can still use a browser but... a very disappointing transition."
"Sling","Julian Campbell","2026-07-21T00:47:14.546Z",1,0,"bad app, just bricks itself sometimes with a loadingscreen of doom. hope you dont NEED anything from it"
"Sling","Oscar López","2026-07-20T17:02:47.634Z",1,0,"Crashes a lot"
"Planday","Tanvir Ahmed Polok","2026-07-19T23:04:26.991Z",1,0,"I want to give this app a very poor rating because of the latest update—it is absolutely terrible. Before the update, you could easily verify your check-ins and check-outs, track your monthly hours, and access several useful features. Now, all of that is gone, replaced by a basic bar chart showing only how much I've worked. Whoever came up with this update deserves a promotion... straight to the unemployment line."
"Homebase","Joshua Michaelis","2026-07-19T19:28:58.409Z",1,0,"had it downloaded to phone, used it for two years, then stopped working 💪"
"Connecteam","Arpit Dhand","2026-07-19T14:05:31.897Z",2,2,"App is ok to use. Most of the time empolyees experience location issue even if they are at work. App fails or take multiple restart to clock in and out ."
"Deputy","Chofo","2026-07-19T08:07:37.990Z",1,0,"super lento, No lo recomiendo a nadie."
"Deputy","Mary Grace Layson","2026-07-18T08:27:53.859Z",1,1,"I am trying to get it to remember my availability but it wont let me do it for Thu-Sun. When I do, it just saves for only 1 day (with ""does not repeat"") even though I told it to be an ongoing thing. i there even a customer service number I can call? there is also no option to adjust availability on the pc, only on the app and I hate the tiny screen!"
"Sling","Mallory Briscoe","2026-07-17T03:37:50.341Z",2,0,"cant see my sechedule"
"Planday","Terry Carey","2026-07-16T13:52:41.374Z",2,1,"rubbish app..."
"Connecteam","Jesse Miller","2026-07-15T14:24:18.830Z",1,0,"Will not stop sending me notifications. Even when the notification shut off, all notifications are completely irrelevant."
"Homebase","Lilith Hancock","2026-07-13T17:30:16.712Z",1,0,"unusable in Canada. tried downloading the app after my employer sent me an invite. attempted to log in, Homebase prompted me to add my address, where all the addresses that were available to autofill were USA addresses (didn't allow me to manually enter my address, had a place for state but no option to change country or province). I'm stuck using to webpage that doesn't work properly"
"Connecteam","Ian McKee","2026-07-13T16:27:54.993Z",1,0,"unreliable placement and connection"
"Connecteam","Chris Zulu (ZuluSniper)","2026-07-12T14:14:14.179Z",1,0,"kills batteries."
"Sling","Aidan Russell","2026-07-12T05:19:41.628Z",1,0,"The company paying to develop this app needs to stop skimping out and pay whatever it takes to make this app at the very least functional. My livelihood depends on this app being functional, and if the app won't even load for people companies are gonna stop using it-even if it means dropping Toast"
"Homebase","N T","2026-07-12T03:57:44.343Z",2,0,"the app is fine ig but it doesn't give me notifications for messages, and glitches out every time I try to cash out, or disconnects my bank account, no matter how many times I connect it."
"Deputy","Alari Houston","2026-07-12T00:27:27.724Z",1,0,"only works occasionally, gets stuck on the loading screen whenever i try to open it. Tried reinstalling. Awful app, just use the website"
"7shifts","James","2026-07-11T23:46:50.739Z",1,0,"auto reminds of tasks I check tasks. nothing it's just an annoying auto not connected to actual tasks or anything unique. lazy coding honestly"
"Sling","Ashley NeJaime","2026-07-11T21:01:27.700Z",1,0,"Terrible"
"Sling","dario asara","2026-07-11T16:03:24.360Z",2,0,"you have to open several times the app to get the schedule. it cashes everything"
"Connecteam","John Smith (rydog)","2026-07-11T01:40:39.872Z",1,0,"constant crashes and super slow"
"Sling","Kathleen Savala","2026-07-10T17:18:39.411Z",1,0,"I have a Google pixel, the app won't open 80 percent of the time. I get some notifications but not all and if I click on my notification the app won't open so obviously I can't look at my schedule or switch shifts orrrrrr do anything whatsoever. Uninstalling and reinstalling does nothing."
"Homebase","CJ Bentley","2026-07-10T14:25:48.593Z",2,0,"Very much a Nannycam, wants permanent gps access for shift clocking."
"Homebase","Clint Luethy","2026-07-09T06:07:56.253Z",1,1,"Requires a specific version of newer end phones, making it impossible with my device to fill out or review forms that would allow me to complete my onboarding for new job. Homebase is not allowing these forms to be filled out and signed without the app, essentially making a paywall. Either I get a new phone, which could cost hundreds, or find a job that hopefully doesn't use Homebase."
"Zoho Shifts","THET NAING","2026-07-08T16:36:13.743Z",1,0,"can't open the app"
"Sling","kat gibbs","2026-07-08T14:13:49.850Z",2,0,"I use this app only because it is required by my job. This app constantly freezes and shuts down. I have to make multiple attempts to check my schedule and send messages."
"Connecteam","Royal Lady manor","2026-07-08T04:20:05.288Z",1,1,"No dark mode in 2026, really?"
"Connecteam","jon b","2026-07-07T22:17:24.896Z",2,1,"nfc tag clock out never works first try, scan opens app, have to scan again, opens timesheet doesnt clock out, then have to click end shift, scan again and sometimes will work"
"Homebase","Marshall Carrier","2026-07-07T05:43:05.275Z",1,1,"the recent changes to the earnings page makes it impossible to tell which day is which without clicking on each one individually. please revert this change."
"Sling","Brandon Reid","2026-07-07T02:46:12.833Z",1,0,"Constantly freezes/error codes and there're no notifications on Android that I can figure out."
"Sling","Jennifer Ritter","2026-07-06T22:07:50.426Z",1,0,"I can no longer update my employees shifts through my phone."
"Sling","Will M","2026-07-06T15:14:26.773Z",1,0,"Forced to use this app for work and it is garbage. Slow to load if it ever loads at all."
"Homebase","Dominick Majeska","2026-07-06T14:35:19.440Z",1,0,"I am in the midst of getting a state attorney general and lawyer to sue this shady app! I can't wait for them to lose everything!"
"Sling","Javin Grisham","2026-07-06T03:16:16.511Z",1,0,"terrible. constantly crashes, never loads."
"Sling","daniel floyd","2026-07-04T13:15:01.669Z",1,0,"awful"
"Deputy","Raúl Rengifo","2026-07-04T08:50:55.979Z",1,0,"slow af"
"Sling","Aubrie","2026-07-03T22:07:33.609Z",2,4,"I need to make a schedule its been saying network down some issues or whatever for the whole week. thanks sling. I should go back to pen and paper. now I can even edit days to make them where people can request off it just keep forcing the app closed. i may need to switch to a new app."
"Homebase","Natasha Oglesby","2026-07-03T19:40:56.379Z",2,0,"I'd give it all 5 stars if it used one pay"
"Sling","Tyson Conrad","2026-07-03T15:37:44.513Z",1,1,"this app used to be okay, but it's essentially unusable now, is there a timeline on the fixes so that the app can be functional again soon? Or do you have a web app version?"
"Homebase","Cynthia Hunter","2026-07-03T10:01:09.432Z",1,1,"Cash out option always unavailable. no kind of support from customer service. The app use to work great always paid back loan on time now all of a sudden cash out unavailable it's been like that for months. Zero stars😡"
"Sling","Bennett Ellis","2026-07-03T03:25:50.725Z",1,1,"The app freezes once it's open, making it completely unusable."
"Sling","R Brown","2026-07-02T20:03:12.285Z",1,1,"this app has a bug, I've emailed the developer 2 times, they don't respond, I can't access my schedule for work!"
"Sling","Carrie Everhart","2026-07-02T07:05:49.163Z",2,1,"app loads slow & lags. the issues are not unique to me or my device, my staff are having issues too. I wrote support weeks ago about the menu buttons for admin users having white text on a white background & was told they are aware & working on it...nothing has been fixed. I am currently unable to create or edit schedules through the app & and have to use desktop which affects daily operations. we pay to use Sling & we rely on it heavily, & are currently researching an alternative"
"Connecteam","MATT","2026-07-02T06:20:53.443Z",1,0,"can you make it easier for people who have a regular schedule so we can send aproval for shift without too many input please? thank you"
"Sling","Jake Wilcox","2026-07-02T04:47:57.388Z",2,1,"it works kind of. it would be helpful if all of the buttons worked, or at least all the menus were populated with buttons to push. can't edit schedules from the app because of the missing buttons"
"Connecteam","Shon GTS","2026-07-02T02:12:55.109Z",1,0,"they were not clear on the instructions to apply for a job. What a fake company, just to have the app on your phone for views."
"Sling","Kendall Hicks","2026-07-02T02:03:06.345Z",2,0,"alright, but I cannot see my shift tasks through the app anymore."
"7shifts","Amber Jean (MotherEarthsGift)","2026-07-01T23:48:56.584Z",1,1,"as useless as your boss"
"Sling","Joel Parker","2026-07-01T15:47:47.160Z",1,1,"this is the worst app I've ever used for any purpose. constant freezing, crashes, glitches, and other issues. perhaps toast should have kept a few of those layoffs they did so someone could fix this thing."
"Connecteam","Eric Cavanaugh","2026-07-01T13:55:32.310Z",1,0,"didnt think it could get worse, but it did. I was using to get photos from my phone to service titan on my work iPad. now you cannot download pictures from chats. rubbish."
"Connecteam","Marcus McCoy","2026-06-30T21:07:38.120Z",1,0,"Makes me Late for work even when im Ahead of time."
"Sling","Alexandra Bicknell (Alex)","2026-06-30T13:46:09.621Z",1,2,"App has terrible compatibility with Android."
"Sling","Joanne Oakley","2026-06-30T06:18:09.360Z",1,2,"app not working properly since update"
"Sling","Marcie M","2026-06-29T20:56:33.629Z",1,1,"only good for the most basic functions. absolutely do not use for time clock features."
"HotSchedules","Ethan Whitehead","2026-06-29T20:49:30.626Z",2,2,"loads super slow"
"Sling","Ian","2026-06-29T16:20:05.383Z",1,4,"constant bugs, the app just stops working, its annoying, can yall fix this please?"
"Sling","Brandon Cesar","2026-06-29T14:33:11.850Z",1,3,"barely works. super slow. has gotten worse over time. garbage."
"Homebase","Kalvin Ochoa","2026-06-28T13:45:26.700Z",1,0,"the worst app ive had the displeasure of using. does it really take that long to load a dashboard? what a joke of an app"
"Sling","Michelle Sheltrown","2026-06-28T01:36:05.297Z",1,1,"it dsnt work hasn't for a week this app isn't the problem I had ys cellular and just found out it switched to the mobile and they're garbage no good service"
"Homebase","Jamie Chang","2026-06-28T01:15:47.140Z",1,0,"Every time I open the app it tries to make me register with Plaid. I don't want Plaid please make this go away"
"Sling","Edmund Campbell-Webb","2026-06-27T19:00:41.147Z",1,2,"App keeps crashing, buffers and logs me out every time I attempt to open. It is very buggy on Android ZFold 7 after recent update. PLEASE FIX AS I AM RUNNING MY BUSINESS AND CANNOT USE IT AS INTENDED."
"Sling","Nathanael Dimijger","2026-06-26T22:36:27.347Z",1,2,"Since the update on the 12th of June commenting or creating messages has become harder. Also when selecting job shifts to apply for, and adding attachments, you can't read the selection buttons due to the letters/words blending into the button color background. The previous update before June 12th operated much better."
"Sling","Christopher Parker","2026-06-26T21:34:24.710Z",1,8,"Despite it mostly working fine on my iPad, this app runs very poorly on my Samsung S25. After countless updates applied, stability worsened; notifications won't work after a week, and the whole app crashes while viewing messages and my shifts. Clearing data and cache only works for a bit then it's back to bugging out. And the buttons for putting my shift up makes the text unreadable."
"Sling","J S","2026-06-26T13:43:34.436Z",1,2,"it's broke again"
"Sling","Michael Johnson","2026-06-26T09:53:56.615Z",2,2,"no dark mode. you have to switch your phone settings in order to see options because it's white text on a white background"
"Homebase","CJ","2026-06-25T00:04:44.919Z",2,0,"Notifications don't always work correctly. I'm especially bummed since I'm missing messages that are offering extra shifts so I'm missing out on some extra hours"
"Sling","Bonnie","2026-06-24T19:59:05.781Z",1,2,"this app doesn't work correctly with the new update. Most of the time, you can't click on messages or other buttons."
"Sling","Ellen Morris","2026-06-24T15:21:25.956Z",2,3,"Latest ""bug fixes"" have made the app even more glitchy. more than half the times I go to use it the dashboard page is frozen and I can't access anything at all. Tried rebooting and it has the same issues a day later. I enjoy Sling for it's scheduling capabilities but the app has slowly gotten worse over time"
"Sling","Jacob Massey","2026-06-24T14:48:37.937Z",1,2,"coooooooonstant crashes. 90% of the time I can't get past the home/notification page before the app freezes then crashes on its own."
"Sling","Redcrest EMS","2026-06-24T12:22:31.534Z",2,2,"too many bugs since we started using it.... no interest in fixing the issues"
"Sling","Ramsey Ambrose","2026-06-23T19:47:12.885Z",1,3,"for some reason the app after updating now shows white text on a white background and I cant see or read anything it makes using the app practically impossible"
"Sling","Skip Towne","2026-06-23T15:17:07.523Z",1,2,"App hasn't worked in over a week. Just will not load completely."
"Sling","Andrew Dickerson","2026-06-23T12:47:53.919Z",2,2,"The most recent update of the app has been slow and buggy. Different pages struggle to load and trying to log on to the app takes forever."
"Sling","Isaiah Bergman","2026-06-23T04:31:20.535Z",1,2,"constantly not working and abruptly closing"
"Homebase","Rick Davenport","2026-06-22T22:25:29.502Z",1,0,"how come I can't download this app I have a galaxy s20"
"Sling","Jon Durbin","2026-06-22T20:50:11.204Z",2,3,"I have Android and it's been freezing up lately when you try to click on a message."
"Planday","Tamas Naszai","2026-06-22T20:10:37.750Z",2,0,"the latest version doesn't allow me to use every function. I can't edit and plan scheduling as I could previously, I can't even see current schedules. it lost most of its functions useful to me. a fix is probably due. preferred the old version."
"Connecteam","Denys Tokar","2026-06-22T19:09:15.140Z",1,2,"the app works horribly slow, asks for activity monitoring for some reason, reads the location while im not even working, location tracking problems, half the time I can't stop or end my shift, literally 8/10 of my shifts are with approvals for some time editing because of this. feels like its a web app that barely works"
"Sling","Josh Nuding","2026-06-22T18:19:00.410Z",1,3,"constantly crashes, pretty useless"
"Sling","Pablo Bahena (PabloLovesCoffee)","2026-06-22T05:19:32.131Z",1,2,"This app sucks on my samsung phone. It works sometimes and other times, I click on any icon and crashes the app. I have to keep reinstalling the app and signing back in, just to try to view my schedule or work info, then for it to crash again. Please optimize the app for samsung/android users!🙏🏻"
"Sling","Jason Trumble","2026-06-21T17:34:17.803Z",1,2,"Since the latest update, with Android 16 and One UI 8.5 you can no longer see the buttons to swap or offer shifts (or anything else that brings up a white clickable button) while the phone is in dark mode. This is the only app I have (and unfortunately have to use it for work) that does not follow the dark mode settings. Please fix your ugly app!"
"Homebase","Jessica Lievense","2026-06-21T15:54:41.698Z",1,2,"I had to download this for work, and honestly I hate it. The mobile clock-in/out is fine, but requesting time off is literally impossible. I just want to take a specific date off, not have every day of the week it falls on as off. Would much prefer it being an actual calender, where you can click on a day/days and have a request time off or specific hours option. Call me old-school but i still much prefer a physical time clock and filling out request time off sheets."
"Sling","Carly Bruckner","2026-06-21T04:57:44.685Z",1,3,"All the text and background is white for the buttons so I can't see what I'm clicking"
"Sling","RN 483","2026-06-21T01:19:03.207Z",1,7,"The updates don't seem to improve performance. Android users beware."
"Connecteam","RANDO","2026-06-20T21:37:27.239Z",1,0,"not working on chromebook"
"Sling","Doug McKeen","2026-06-20T19:31:07.702Z",1,3,"Notifications stop working periodically. After a recent update, some dark theme text doesn't appear (like Dismiss all notifications/Cancel in Dashboard)"
"Connecteam","Tony Lips","2026-06-20T11:36:04.615Z",1,0,"working in a large corporation with above 300 employees the lastest upgrade took away the ability to search for your payroll number or name to quickly locate your work duties"
"Homebase","Nelijah Rutledge","2026-06-19T21:07:56.216Z",1,0,"it won't let me cash out"
"Sling","Shayan Ahmadi","2026-06-19T20:10:42.403Z",1,1,"very unstable and unreliable"
"Connecteam","T L","2026-06-18T23:40:50.219Z",1,0,"within moments of signing in to this app my phone now is getting tons of spam calls, when before I never had any on this phone."
"Connecteam","Pl4yer1one AcTual","2026-06-18T20:23:04.617Z",1,0,"glitches"
"Connecteam","earl love","2026-06-18T14:53:46.520Z",1,0,"app lags and I uninstalled and installed it thinking that was the problem and now it doesn't work at all"
"Sling","Raymond Tan","2026-06-18T12:57:21.990Z",2,1,"Slow, buggy, laggy. Hard to use and it buffers all the time, any interaction could lead to it crashing and becoming unresponsive."
"Homebase","Leyna Reemix","2026-06-17T20:11:49.656Z",2,0,"app works significantly worse after latest update, gives me a warning exactly when I'm due from a lunch break, has trouble loading the schedule viewers. wish they'd improve with updates rather than regress"
"Sling","Julian Welton","2026-06-17T18:03:06.536Z",2,3,"Since the new update the options displayed by the ""More"" button (three vertical dot button) are invisible because it doesn't work with the phones built in Dark Theme. I shouldn't have to change basic settings on my phone to get the app to work."
"7shifts","Talia Anaya","2026-06-17T11:17:26.630Z",1,1,"the app wont open. I uninstalled thw app. re-download and it's still not working. I can get in on a web browser but not the app."
"Sling","Peoplearoundtown","2026-06-15T18:25:51.780Z",1,0,"it doesn't notify me at all"
"7shifts","Courtney Moody","2026-06-15T05:40:35.641Z",1,1,"love the concept of the app but mine never wants to open it just crashes on loading screen."
"7shifts","Ashley Alston","2026-06-14T16:27:18.859Z",1,0,"I don't have access to 7 helps. Also my payroll hasn't updated in Clair in 6 weeks, so that has been a pain."
"Connecteam","Rafael Rodriguez","2026-06-14T15:32:37.556Z",1,1,"Should be simpler and instant. Need scheduling not a whole social network."
"Connecteam","Austin Rivera","2026-06-14T08:09:37.204Z",1,0,"When trying to upload multiple photos to my notes or even group chata, it doesn't work. Sometimes restarting the app and uploading the photos one by one works, but not consistently. Haven't had this problem before. Maybe a recent update? Quite annoying waiting to upload one photo at a time. Hopefully gets fixed"
"Sling","Julian Pheasant (Paco)","2026-06-12T20:30:08.280Z",2,0,"it wont let me clock in or out. says I must turn on my location. my locations always been on and I've never had this issue before. location access isn't even an option for permissions anymore."
"Sling","F C","2026-06-12T14:56:14.795Z",1,0,"The display shows vertically when the tablet has to sit horizontally. Not good at all!"
"Sling","Skylar Brenton","2026-06-12T14:06:17.755Z",1,0,"worked (mostly) fine for 6 years. yesterday randomly stopped being able to access location. it's not requesting access so no way to fix this."
"Sling","Kay G","2026-06-11T11:42:08.180Z",2,0,"lags and restarts randomly"
"Connecteam","Rochelle Simmons","2026-06-11T01:49:10.759Z",1,1,"this app sucks. wants to track people 24/7!"
"Sling","eduardo valadez","2026-06-10T20:33:15.884Z",1,1,"works about 20% of the time."
"Sling","Justin Misener","2026-06-10T20:16:13.316Z",2,1,"A buggy mess that makes it frustrating to clock into your shifts on time."
"Homebase","Nicholas Maxwell","2026-06-10T13:04:36.535Z",1,0,"worked ok until they decided to update it so only brand new phones and computers will work with the app"
"Homebase","Jan Rinsma","2026-06-09T21:05:22.539Z",1,0,"I tried to set up my address after first opening the app and it only shows US addresses and not canadian ones"
"Sling","Theo Francis","2026-06-09T16:47:39.789Z",1,10,"works okay, but trying to scroll through the shift calendar only goes up in dates, even if I swipe to try and move it left, it turns right. I also hardly ever get notifications, which is a pain whenever shift leads message me about shifts and important events. (edit) after a couple of months it has just gotten worse. I still do not receive notifications and now I cannot even open conversations. it also takes forever to load in general, and I do not have a weak device."
"Sling","JASPER KINNAY","2026-06-08T22:37:01.353Z",2,1,"crashing often"
"Homebase","Ben Champagne","2026-06-07T19:23:46.893Z",1,0,"One of the worst apps I've ever used, getting locked out lost me a full hour of my time, I'm sick our business connected this app to payroll. Do not download for countless reasons, not to mention the fee money grab for early pay. Zero stars"
"7shifts","Chef Jesse Oguin","2026-06-06T17:20:15.212Z",1,1,"this won't open on a Google pixel fold device"
"7shifts","Jay","2026-06-06T12:59:43.730Z",1,1,"last update destroys this app. haven't been able to see my schedule for 3 days because the app just won't open"
"Sling","Isa","2026-06-05T16:23:26.960Z",2,0,"keeps bugging!!!! when it's not bugging, it works great It needs some work. IT people, fix it!!!"
"Homebase","Martin Stigleman","2026-06-05T16:10:26.655Z",1,1,"app used to work perfectly. It took a bit of tweeking before I got notifications set the way I wanted them and for 3 years I had absolutely no issues...until the new update. Now, in order to use it it will cost me $500+ to buy a new phone!! VERY UPSET!!! No way I can afford a new phone, and the website is so screwed up I can barely use it to clock in...everything else is useless. UPDATE; My review states how screwed up the website is...their solution is ""Use it anyway""."
"Sling","Brandon Lerma","2026-06-04T00:53:58.536Z",1,1,"its been so bad lately its constantly freezing. Didn't used to have this problems before"
"Connecteam","Joe Lucia","2026-06-03T20:56:29.789Z",1,3,"It used to be fine but now it is sluggish and it takes ages for it to load, clock in and choose job number, and just clocking out! It's not limited to my device or a few devices. EVERYBODY on the crew and in the whole company has the same experience with this latest version. There is no limit to the suckage of this damn thing. I am on the latest version as of June 3, 2026."
"7shifts","Benjamin Haan","2026-06-03T02:34:09.862Z",1,0,"This app can manage people very well! It does a wonderful job of making work easy to navigate. However, it puts forth unessaery viewpoints. That don't matter to the area of work."
"Homebase","Ann G","2026-06-02T17:48:16.567Z",1,1,"Useless, unhelpful, stupid verification codes don't work, kicks you out of the app randomly, wastes time."
"Homebase","L L","2026-06-02T16:05:07.773Z",1,0,"yall need to figure out why tf this app keeps randomly locking me out and logging me out for no reason"
"Homebase","FVS Vending","2026-06-02T08:36:42.608Z",2,0,"actively looking for another app. continued logging out my people and myself far to often"
"Homebase","Kathryn Cargill","2026-06-01T11:34:36.706Z",1,1,"worked just fine up until yesterday, I logged on and it won't let me in. I tried resetting the password request and I'm not getting any responses. I used the chat option and followed all the directions, from clearing cache, uninstall and reinstall and nothing. I need this app for my job and it's very frustrating."
"Homebase","genara Johnson","2026-05-31T00:54:06.337Z",1,5,"cash advance stopped working, and not able to change wage rate"
"7shifts","Jen Ann","2026-05-30T23:19:12.682Z",1,6,"Update: 5/30/26 App still has glitches. It isn't showing people's shifts up for grabs and it is showing the wrong person for the shift that is up. Half the time the shifts go missing when they are still available."
"Connecteam","Cory Lackey","2026-05-30T10:46:51.783Z",1,1,"sucks"
"HotSchedules","Katherine Coates","2026-05-28T01:38:44.820Z",1,3,"cancel This. I never ordered this cancel it"
"Connecteam","Pauline Minors","2026-05-27T13:33:22.891Z",1,3,"My company have just added me. Spent a few hours getting used to it but I'm finding my way around slowly..what I like is you can wish your colleagues happy birthday...reminds me of Facebook in a way. Looking forward to logging in and out via location. Unfortunately I keep getting an error message saying I am not in the work zone...also can't access my timesheet to log in my hours. I have phoned my company two days in a row, they say they will get back to me but have failed to do so. Will quit."
"Connecteam","Kimberly Doehring","2026-05-25T20:12:00.653Z",2,0,"Installed on phone and chrome book. Never had a problem on the chrome book until recently. The app just keeps closing. I've uninstalled and re-installed the app to no avail. Please advise."
"Connecteam","Wendy Pack","2026-05-25T16:19:44.850Z",1,0,"sucks. hangs all the time so you can't clock in"
"Connecteam","Nick Williams","2026-05-24T22:09:40.600Z",2,0,"gbg button to verify ur id dosnt work. nothing happens when pressing it"
"HotSchedules","Scotty NB","2026-05-24T21:48:13.374Z",1,4,"dont waste your money on this app"
"Planday","Cristian Grand","2026-05-24T15:33:43.709Z",1,0,"Why do I have to install an app just to get my calendar link? This should be available from my account in the web browser on my computer, without forcing me to install another app. A simple task like syncing a calendar with a service I am required to use has taken me 30 minutes, when it should take one minute at most. There should be an option to sync the calendar directly from the settings when I log in through the browser. The login process was also unnecessarily complicated and confusing."
"Planday","Anobody","2026-05-21T08:43:07.648Z",1,1,"Another example of ""labour saving"" technology not saving labour, time or money, yet I'm given little choice weather to use it or not. I'll copy my rotas from an office desk top because using the app doesn't seem to be an option and the browser version is super laggy and barely works but only on chrome. no I will not be emailing payday support, as my review response suggested because I have already wasted all the time I'm going to waste on this app. app deleted."
"Connecteam","Roz Witkowski","2026-05-21T05:32:04.603Z",1,0,"never downloaded"
"Connecteam","Famoso","2026-05-20T20:34:49.141Z",2,0,"app crashes all the time and works very slow"
"Connecteam","Mark Reldan","2026-05-20T19:41:02.894Z",1,0,"horrible loading speeds"
"Connecteam","Infinite Universe","2026-05-20T17:51:38.596Z",1,0,"worst app same location showing different different places ,It is not Google map who is most accurate."
"Connecteam","Yusdiel Monzon","2026-05-19T16:46:18.792Z",1,0,"malisima,no da la ubicacion exacta tiene un margen de error,q me esta costando q mi empleador no me page las horas q son,porque dice q poncho en otra ubicacion q no tiene q ver con el trabajo,no se la recomiendo a nadie"
"Connecteam","Stevo","2026-05-19T07:11:44.847Z",1,1,"every update you do makes the app worse. congratulations."
"Connecteam","Saeid Mortazavi","2026-05-19T03:40:43.983Z",1,3,"BEWARE, they steal your photos, passwords, and other sensitive information. ive been using this app only and only for clock in clock out, no chat no file sharing nothing. still the app is using 800MB of cellular data only ( im not sure how much information are they stealing when im home and connected to wifi!) the customer support was not able to justify the extreme high data usage of the app and they kept asking for screenshots and telling me to send them to different emails"
"Connecteam","Alex Hamilton","2026-05-17T21:09:24.270Z",2,1,"For some asinine reason, they removed the confirm option when clocking out. This has led to multiple times where I have been trying to come back from meal break, accidentally hit the ""end shift"" button, and I was clocked out without my express permission or any way to stop it. And I have to explain to my supervisor (who is a salaried employee, and thus uses a different clock-in system) why there is a discrepancy in my shift that day."
"7shifts","Johnny Dorchen","2026-05-14T12:38:48.142Z",1,1,"clair will not let you continue after entering personal information please fix"
"Connecteam","Allan Roberts","2026-05-13T17:08:35.380Z",1,6,"Slowest app I've ever used. ""Most used by you"" jobs are the LEAST used by you. Cannot type into search when switching because every letter typed causes the screen and GPS to reset. Drains battery faster than anything but the single most intensive graphics game I used. Unintuitive, hidden features (such as requesting time off). Website doesn't work at all if phone is lost. Tracker filled nightmare. GUI is off just enough to make it obvious that it's either AI slop or copied from old code."
"Connecteam","Christian Blue","2026-05-13T14:46:07.345Z",1,0,"this app is terrible and has caused me nothing but problems"
"Planday","Anne Recibido","2026-05-11T11:53:11.571Z",1,0,"it's not working even inside the working area"
"7shifts","Dalton McNeal","2026-05-07T04:42:39.593Z",1,1,"this app is absolutely terrible....it never works properly..some people can use early pay some can't. the notifications are late coming through and, it literally gives black screen on start up twice a week. might as well screenshot it and just view my pictures at this point."
"7shifts","Christina Ison","2026-05-02T15:20:47.841Z",1,1,"suddenly stopped working. have Android One UI 8 version 16 and now app will not open."
"7shifts","Stan Johnson","2026-04-27T22:14:08.880Z",1,0,"app consistently freezes without opening all the way."
"HotSchedules","Michelle Valdez","2026-04-26T18:02:08.370Z",2,2,"Doesn't work half the time"
"HotSchedules","Zac","2026-04-23T22:18:28.919Z",1,4,"selling an app to the companies and then charging the workers for software theyre obligated to have is pretty scummy rent seeking behavior"
"HotSchedules","Don","2026-04-15T01:11:03.653Z",1,2,"New Hire shouldn't have so many problems having an active link they expire fast and why I was hired and you got paid for the app but links expire very little instructions for forming username password options VERY BAD UI hate this app"
"7shifts","William Stewart","2026-04-13T12:47:49.956Z",1,3,"This app is often unresponsive when opened, Just completely blue screens and is unavailable for long periods of time. For an app that only needs to display text this is unacceptable."
"HotSchedules","Candice","2026-04-13T01:29:39.678Z",2,0,"APP ONLY WORKS ON CELLULAR!!! After reading other people's reviews. Found my answer. Does Not work on cellular!!"
"Planday","Stephen Kennedy","2026-04-08T08:24:55.583Z",1,0,"the annual leave aspect is terrible, no option to put in custom hours so getting over charged and having to use up too many hours"
"HotSchedules","Syl V","2026-04-06T12:21:01.470Z",2,1,"The app works how it's supposed to except one thing. The calendar sync does NOT work. If I work from 4:00p until 11:00p, it says that I work from 4:00p until 4:05p. When I had IOS it worked just fine on there, but not on my Motorola"
"7shifts","Joel Rosario","2026-04-04T05:19:00.850Z",2,0,"I am unable to contact a support team and cannot access my W-2's on account of the restaurant being inactive. please help"
"Planday","Denise Duquette","2026-04-01T19:01:17.687Z",2,0,"I put in my password and had to change it So I did and then it sent me back to my email. When I tried again, it just sent me back and forth. I even uninstalled it twice and retried. Now it doesn't even send a message to my email. It's like it doesn't recognize me."
"HotSchedules","Adam Brock","2026-04-01T17:08:34.743Z",1,21,"complete waste of money. the only reason I purchased the app was to set up my account, however, after purchasing the app, I was unable to do so. after calling their customer service line, I was told that you have to create your account on the web browser and then you will be able to use the app. the web browser is free though and completely negates any reason to ever purchase the app. it's not easier to use, easier to get to, or more user friendly. it is 100% a complete waste of time and money."
"HotSchedules","Matthew Maher","2026-03-31T17:04:50.691Z",1,3,"Not sure what they did to it recently but the app won't open at all when connected to WiFi, you have to use cell service to get anything to load and that only works half the time. Don't waste your money on the app just use the web browser"
"HotSchedules","Xena Arisoza","2026-03-25T00:31:15.431Z",1,2,"unique name not registering. won't let me progress. cone on bro."
"Planday","Terje Kvanvig","2026-03-22T19:54:57.211Z",1,1,"worst app since the dawn of time. the apple version is more utdated and works perfectly. the planday team don't update/ fix the Google version as much. last time the app was not working for around 4 month's."
"HotSchedules","Ed Keelan","2026-03-20T12:41:18.152Z",1,2,"Update not working. not completly loading up"
"HotSchedules","Steve Angulo","2026-03-19T08:53:14.138Z",1,2,"Updates every other day! Enough already."
"7shifts","johntobias1","2026-03-06T18:03:51.867Z",1,2,"absolutely horrible terribly set up inefficient unworkable unusable software. couldn't even get finished setting up the account had to contact them to cancel and there is no way to contact them They place a thing for a number and then they don't put the actual number in there either! stay away from this app it is horrible!"
"HotSchedules","Alex Bates","2026-02-26T23:43:11.968Z",1,2,"Horrible"
"7shifts","Aly Schumaker","2026-02-23T23:02:56.454Z",1,3,"I really like this app, however, the latest update moved my ""who's working"" chart, which is one the things I (and my coworkers) use the most. it used to be that I would have three tabs at the top of my main view: Overview, Who's Working, and My Shifts. this made the Who's Working chart extremely accessible and that setup was perfect. it's way more difficult to get to now, requiring multiple steps before I can actually see the chart. this is extremely frustrating! please put it back!"
"Planday","Dom Lambley","2026-02-17T12:07:51.484Z",1,0,"only as good as the input given"
"HotSchedules","FloatsYourGoats","2026-02-17T05:10:42.331Z",1,3,"I can't even make an account for this. I just started a new job and I'm already going to lose it because they need me to have this app."
"7shifts","captain mak sparrow","2026-02-16T18:33:36.558Z",1,1,"no dark mode"
"HotSchedules","Alexis Slaby","2026-02-09T17:16:59.312Z",1,1,"Never opens!!!!"
"7shifts","Will Gettling","2026-02-08T17:56:57.511Z",2,0,"It's a good app but it keeps crashing or won't open"
"Planday","Matt","2026-02-07T13:20:00.148Z",2,0,"Coming from a different software and this is abysmal for employees, but apparently good for employer."
"Planday","Dave Ashley","2026-02-06T14:38:17.813Z",1,0,"Latest update of the app has removed the ability to see a clear overview of the weeks schedule. no more calender, just a list of your own shifts. I need to see the week and who is working next etc. Why have you done this? how am I supposed to do a shift swap if I have no idea what my colleagues are working. so many scenarios now broken because of this update."
"7shifts","Amaya Kay","2026-02-02T00:08:39.406Z",1,0,"I hate this app, it is trash, it never opens and it glitches constantly and it seriously needs some work because this is just horrid."
"HotSchedules","parris bates","2026-01-17T18:51:51.815Z",1,7,"how come the android version doesn't have the same features that the ios version have? if I paid money to use the app I should the same features. by not having this, this causes me issues with scheduling with my job."
"HotSchedules","David Jun","2026-01-17T01:25:51.228Z",1,13,"The web app you can create through internet browser has more options and features than the app the company makes you pay 2.99 for... even the tech support is unhelpful and extremely detached from the user experience. After explaining an issue with the ability to pick a role when creating an auto pick up request in the app, they basically closed my ticket explaining I can do it in the web version. What is the point of buying the app if it has less features. very disappointed."
"HotSchedules","Stewart Manning","2026-01-15T21:43:34.544Z",1,2,"*Still* Constantly broken and not working"
"HotSchedules","alonso soliwe","2026-01-13T21:57:58.240Z",2,2,"it won't let me see my schedule really good it show the time when I have to get in but not when I have to leave."
"HotSchedules","Denis G Craig","2026-01-12T21:11:01.320Z",1,1,"trash cant even log in username isn't unique enough"
"HotSchedules","George","2025-12-22T06:41:46.667Z",1,4,"why is it opening a blank white page I can't even leave when I enter the app? literally all I need it to do is show me my schedule. dont need any of your stupid popups!!!!!"
"HotSchedules","chris dennis","2025-12-19T23:35:55.174Z",1,1,"Can't type notes and proof read as typing in Logbooks. Dialogue box is hidden and have to drop down the keyboard to read what youre writing. please fix this."
"Planday","Jenny Green","2025-12-15T19:22:22.785Z",1,0,"this site crashes on me most days. I have to reboot my phone everyday"
"HotSchedules","Josh Young","2025-12-12T22:58:02.153Z",1,4,"It is crazy that this is a paid app that doesn't even have the bare essentials. Where can I check my past schedule? Only on PC... in 2025. Uou can only add shift if your... you guess it, on PC. It literally provides the most basic information to pass as a Scheduling app."
"Planday","Brittany Jensen","2025-12-11T20:10:02.448Z",1,0,"Crashes 80% of the time or just doesn't open at all."
"Planday","Mateusz Grubinski","2025-12-08T00:41:34.810Z",1,0,"this app is good however often at work it would t let you log in to clock out making the managers do it manually honestly quite a hassle"
"Planday","Matt Bedard","2025-12-03T18:01:22.760Z",1,0,"really poor app, difficult to use, no search function in messages, just an all around unpleasant experience"
"Planday","Rebekah Guthrie","2025-11-28T11:14:30.550Z",2,0,"half the time it freezes and I can't use it"
"Planday","David D Dowds","2025-11-25T19:42:25.745Z",2,0,"its only as good as the wi fi is, there is always issues with the wi fi, its very poor."
"Planday","Jason Leverton","2025-11-24T16:03:11.142Z",2,0,"Barely works half the time"
"Planday","Paul Macneil","2025-11-23T22:19:14.988Z",1,0,"all ways crashes"
"Zoho Shifts","Serron Dwyer","2025-11-19T17:36:00.348Z",1,1,"Unable to set reoccurring schedule. it will always error out and never apply to multiple days. would not recommend individuals or companies to use this service"
"Planday","marge simpson","2025-11-14T13:00:42.137Z",1,3,"infuriating!! I have problems previously with this app. now have a new phone and I'm unable to access the app. I've uninstalled, logged out, had invitation from manager but still unable to access the app. I'm able to login on the URL but that's no good for me to request shifts"
"Planday","Dinto Devassy","2025-11-12T11:49:20.828Z",2,0,"Good"
"Planday","Laverne Berry","2025-11-12T00:26:38.508Z",1,0,"Horrible! I can't access the app 90 percent of the time. I have uninstalled and reinstalled several times. After each reinstallment it will work fine for a few days then suddenly stop working. I can't wait to uninstall the app permanently."
"Planday","Caroline Innes","2025-11-03T21:43:29.722Z",1,0,"Very poor system!"
"HotSchedules","Kayla Ruelas","2025-11-01T22:30:31.940Z",1,2,"I dont know what happened between now and the last update, but this app is almost unusable now. I can't view my schedule at all because it is constantly loading, and when it does finally load I can't view who I will being working with that day. Free is one thing, but I paid money for this app to make it more convenient than visiting the website...."
"Planday","Bob D","2025-10-29T19:36:07.920Z",1,0,"this app is ok when it works but it ain't working rite now"
"HotSchedules","C","2025-10-29T19:26:02.224Z",1,1,"absolute garbage app they make you pay for. 90% of the timenit doesn't even work. Just another greedy company shilling out garbage to us minimum wage workers."
"HotSchedules","Ethan Klein","2025-10-29T19:07:23.358Z",1,0,"I want refund app doesn't work"
"HotSchedules","Marcus Paupaw","2025-10-29T18:39:05.936Z",1,1,"it's terrible it logged me out and won't let me log back in worst decision ever to buy this garbage"
"HotSchedules","Jermey Hansen","2025-10-29T18:29:10.406Z",1,0,"This is the absolute worst app there is, don't use this for your scheduling needs, your employees won't even be able to open the app. Absolutely no customer support on a chat bot. I'm seriously how hard can it be to relay someone's schedule. DONT WASTE YOUR TIME OR MONEY ON THIS DYSFUNCTIONAL APP"
"HotSchedules","A S","2025-10-29T17:24:01.523Z",2,3,"went from working fine. to logging me out saying connect to a network, when I am both on data and a solid wifi connection. cant reset password, or username (which is what I was trying to do) just keeps giving me a loading circle but won't actually DO anything, already tried reinstalling. and yall made me pay for this?"
"HotSchedules","Julia Putnam-Banfield","2025-10-29T17:17:58.787Z",1,2,"annoying. keeps saying not internet connection even tho I'm clearly connected to plus my 5g cell service. paid for it and can't even look at my own schedule now."
"Planday","Randi Gronsleth","2025-10-29T14:48:56.217Z",1,0,"App is slow and crashing way too often."
"Planday","Whoomy","2025-10-29T10:04:42.322Z",1,0,"takes ages to load, which ends up making me clock in late, sometimes signs me out and you have to restart it sometimes when you lose internet"
"Planday","Federico Cossu","2025-10-27T08:30:10.996Z",1,2,"Terrible app. I have just been asked to download it. The app sends me to my email box, so I can log in. Once logged in, my account shows on my email box/browser page, whilst if I try to log in again with the app, it keeps me in a loop by sending me to my email box again. Moreover, if I send a message to the help centre, explaining the problem, the AI tells me to ask my admin, ending the conversation and closing the chat. Obviously my admin is not a planday it expert"
"HotSchedules","Klink Toowoo","2025-10-18T16:51:03.874Z",1,1,"pay 2.99 for information that you NEED for your job."
"Planday","Greg clarkson","2025-10-18T16:50:21.293Z",1,0,"never works"
"HotSchedules","Rhett Rebstock","2025-10-18T04:43:17.663Z",1,1,"Cannot open due to a bug. Nonfunctional messaging. Paid access for your own work schedule. Employers, stop wasting time with this software."
"HotSchedules","Jacob Johnson","2025-10-17T13:43:00.353Z",1,0,"terrible customer service. if you're a business owner looking at hot schedules for anything do not use them. you will never get ahold of anyone over the phone, it's all email. their owned by a company called arfourth that has even worse customer service."
"HotSchedules","Joe Brown","2025-10-15T21:14:54.928Z",1,1,"I got this app for work and when my boss told me it was free I felt like I got scammed out of 3 dollars, I would like a refund very soon"
"Planday","Deividas Tepcovas","2025-10-15T06:25:56.518Z",1,0,"clocking and logging in pain every time. it used to work fine, but now its just full of bugs and 1p-15min fight for clocking in. and i can just start my shift i have to log in multiple times. I am so annoyed that my work uses this broken app"
"HotSchedules","Katherine Graves","2025-10-12T15:26:58.442Z",2,0,"When I look at my hot schedules, it's not like where it shows it small on a calendar.It shows it in black and white. And then the dates are jumbled up."
"HotSchedules","Lady Cthulhu","2025-10-12T13:02:25.277Z",1,1,"ABSOLUTELY ridiculous I have to pay money to access my own schedule. Ive never worked a job that made me pay money to see my schedule. My checks say void. I tip out five percent of my food sales regardless of my tip and my employers cant pay me to access my own schedule? This is insane. We already pay so much to serve our tables. this is completely unreasonable."
"Planday","Benjamin (DoubleUnicorn)","2025-10-12T12:02:50.487Z",1,1,"Horrible app. What's the point of logging me out every time I close the app? Once every 6 months maybe it's ok, but not even then should anyone be logged out if it's actively used. Get this fixed."
"Planday","Brian Nathanson","2025-09-30T20:35:23.858Z",1,0,"this sucks!"
"HotSchedules","oki_ tori","2025-09-30T15:46:38.978Z",1,2,"buggy, and always logs you off every few months on android."
"Zoho Shifts","Keldria","2025-09-30T13:31:17.512Z",1,1,"Stuff is everywhere making it confusing unnecessarily complex and hard to navigate through. Not user friendly."
"HotSchedules","Valentino Alejandre","2025-09-29T05:33:47.161Z",1,2,"Not worth 2.99"
"Planday","shahnawaz jinnah","2025-09-25T13:09:51.177Z",1,0,"sometimes it takes a long time to start the app!"
"HotSchedules","Gianna Torkelson","2025-09-01T16:13:43.632Z",1,2,"It logs me out randomly and tells me my account has been deactivated!! So annoying. I've been using it for less than a year and this has happened 3 times. I have to get my bosses to go in and fix it for me over and over again. Why do I have to pay for this app if it sucks?!"
"Planday","Ben Jy","2025-08-30T06:44:11.575Z",1,0,"glitchy. unresponsive, crashes often and doesnt remember when I clock in to work. sometimes messeges don't send and just seem to get lost in the Internet. would quite honestly go back to sending messeges on a rock and throwing them as a form of communication over this app"
"HotSchedules","Harley Netasha","2025-08-22T05:00:08.870Z",2,0,"A lot of stuff is way easier to get done however I bought the app just to be able to see my out times and it doesn't show, looks nothing like the display photos in store 😞"
"HotSchedules","Regina Jansen","2025-08-20T10:02:39.960Z",2,0,"please fix this app for Android. only people that have iphones can see the end time of their shift. I have the app on both my android and iPhone and the end time only shows on my iPhone. fix the app for android."
"Planday","Mini Gnu","2025-08-15T18:11:18.811Z",2,1,"very glitchy on current release, at least on android. logs out constantly, doesn't display dates correctly, occasionally updates late, not registering clock ins correctly."
"Planday","Gordon Lawton","2025-08-06T11:29:18.849Z",1,0,"not very user friendly on mobile phone. With the GUI ... hate it.."
"Planday","Bell Colon","2025-07-30T18:40:49.326Z",2,0,"I find that your app freezes alot."
"Planday","Hugh Jass","2025-07-30T13:47:12.778Z",1,0,"I need to log in every time I clock in, it's stupid. It used to keep me logged in."
"Planday","Tracey Bean","2025-07-30T10:21:43.547Z",1,0,"I hate it. can't clock in, it keeps changing and every time I want to log in I have to have a link sent to my email"
"Planday","kenny fowler #moodyroad","2025-07-29T22:58:41.795Z",1,0,"was working fine logged out now cant log back in disappointing really"
"Planday","Hayden T","2025-07-28T07:13:03.256Z",1,0,"there could not be a worse app for clocking in at work. Clocking in and recording hours worked requires the app to work immediately when you start and is TIME SENSITIVE. having to battle with this app for the first ten minutes of every shift is such a ridiculous element to have to deal with. Endless looping back to the login page, FIX YOUR APP."
"Planday","Raghul Nagarajan","2025-07-27T21:53:29.839Z",1,0,"Drives me insane."
"HotSchedules","Tyler Eynon","2025-07-27T18:32:00.828Z",1,1,"shouldn't have to pay for this"
"HotSchedules","The Only Jamie Bourgeois","2025-07-26T14:15:00.543Z",2,35,"awful. just awful. Unintuitive, not user-friendly, obvious features not there especially when trying to communicate needs regarding time off and scheduling in general. Feels incredibly dumbed down. Prepare to bang your head against a wall. half the time I can't tell if a feature is missing or it's just really buggy... often can't enter information. The ability to send texts to coworkers is great, and it updates to my Google calendars really well!"
"Planday","Ida Appelgren","2025-07-17T10:28:45.358Z",2,0,"Doesn't even work half of the time.."
"Zoho Shifts","Thomas Clarke","2025-07-10T08:53:27.556Z",1,0,"Got told I can't see others shifts even when I'm an employee. I gotta be more than an employee apparently. I just want to see who else I'm on with"
"Planday","Sharon Maslen","2025-07-10T07:56:22.195Z",1,0,"keeps throwing me back to my email letter."
"Planday","Ben Sacree","2025-07-08T08:50:43.651Z",1,0,"terrible full of bugs each update makes it worse tried re install still no better. I expected more from Xero would absolutely avoid if you can. now I have to manually enter all my staffs hours on the schedule that opens when it wants to. useless app"
"Planday","steve dutch","2025-07-07T15:26:33.190Z",1,0,"Dreadful American rubbish Hope you never have to use it"
"Planday","Joanne Sandford","2025-07-01T19:56:16.961Z",1,0,"absolutely horrible."
"Planday","Jack Smith","2025-06-25T04:05:25.576Z",1,0,"App doesn't always open or let me sign in ."
"Planday","Charles Karanu","2025-06-21T09:12:36.182Z",1,0,"very poor servers"
"Planday","Been Wangwan","2025-06-15T23:00:57.797Z",2,0,"having problems downloading and updating this app if you could look it to please because I need it for work!"
"HotSchedules","Saman","2025-06-12T12:05:23.218Z",1,2,"the app and the UI are extremely low quality and low effort"
"HotSchedules","Maya Miles","2025-06-10T20:07:13.660Z",1,1,"can't open because it says there is a bug"
"HotSchedules","Melissa Hale","2025-05-20T04:07:05.180Z",1,4,"I'm a manager and unable to select any employees under the staff journal or select anything from the drop-downs due to everything being blank. I have deleted and reinstalled the app multiple times and have had no luck. Please fix this."
"HotSchedules","Amy Nguyen","2025-05-18T17:12:11.368Z",1,1,"unable to see who is working that day"
"Planday","Alan Welsh","2025-05-12T07:01:24.375Z",1,0,"I think there should be a zero star option"
"Zoho Shifts","Diane Lair","2025-05-08T12:47:09.777Z",1,1,"Hate this system, if you are not within wifi, you can't clock in or out or anything! Hate it"
"HotSchedules","M Stopps","2025-04-30T16:14:17.128Z",1,3,"No option to turn off shift ratings. Everytime you open the app to quickly check your schedule you have to rate your last shift before you can see your schedule."
"Planday","Marc Davies","2025-04-28T17:53:44.919Z",1,0,"app is not opening after updating today. will cause a huge headache for me as I'll have to manually sort the staffs hours 🤬"
"Planday","Amanda Heath","2025-04-28T16:36:05.795Z",1,0,"cannot log in"
"Planday","Lisa Fox","2025-04-28T15:01:06.820Z",2,0,"Can't log in on the phone app it's not good. I would like to log in but it just isn't working."
"Zoho Shifts","Carl Feathers","2025-04-13T02:39:36.252Z",1,1,"I hate the new app."
"HotSchedules","Korey W","2025-04-11T21:39:53.702Z",1,1,"doesn't work on newer phones I guess, galaxy s25 just doesn't work"
"Planday","Manny G","2025-04-11T07:29:49.160Z",1,1,"Not a good app. Quite buggy, no good integration, and no way to report a bug as a user. I can't download files, and there simply is no way of reporting it, except via my bosses. Not ok"
"HotSchedules","Diego Medrano","2025-04-10T23:48:32.669Z",1,1,"not good 😐"
"Planday","David McDonald","2025-04-10T09:42:38.758Z",1,2,"The company switched over from manual timesheets to this app, and it's not been good as the amount of goodwill and work fluency has gone right out of the window. Now everyone is working to rule, and I'm sure this app tracks your location as it asks you to turn on GPS when it's off. As a delivery driver, I'd sometimes run over my shift time, and that was accounted for in the timesheet. Now, I'll be cutting deliveries to get back in time."
"Planday","Gary Barnett","2025-04-08T14:30:21.777Z",1,0,"was brilliant, but now has major bugs on Android. Can't access schedules (my own or other departments), other Android users experiencing the same. Also having trouble logging in and out"
"HotSchedules","Jennifer Bogdanovich","2025-04-04T17:24:17.419Z",1,0,"I can't log into my hotschedules at all. it keeps reading ""please try again"". only way I can access it if I change my password."
"HotSchedules","Torrence Waespe","2025-03-29T20:50:36.727Z",1,1,"poor interface and constant updates that only seem to break the app, not worth the $3"
"HotSchedules","Ray Yoder","2025-03-29T16:56:14.595Z",1,1,"can't see the roster for who works had this problem too many times"
"Zoho Shifts","Starla Edmonds","2025-03-28T00:08:33.160Z",2,2,"new style is confusing"
"Planday","Dennis Tulugaq","2025-03-25T17:06:08.700Z",2,0,"straight up not connecting now.."
"HotSchedules","Kat Wright","2025-03-21T01:47:24.800Z",2,0,"Had to update now I can't log in. smh 👍🏾"
"HotSchedules","Austin Hodges","2025-03-19T20:55:53.509Z",1,0,"absolutely garbage"
"HotSchedules","Kody Woody","2025-03-12T18:50:12.560Z",1,2,"Cool, love paying money for devs to take features away. Terrible service anyways, glad our franchise is going to be moving away from this platform."
"HotSchedules","Austin Baker","2025-03-10T16:42:00.959Z",1,2,"Bring back the Widget. Over the weekend the widget disappeared from my home screen and now I don't have the option to put it back. Don't be braindead please... bring it back.... what are you doing.....??? Don't make the app worse..."
"HotSchedules","Vonnie Nakaerts","2025-03-10T04:20:08.235Z",2,2,"had to pay $3.99 for the app, they have updates almost weekly and the recent update took away the widget feature."
"HotSchedules","Nicholas Camiscione","2025-03-10T01:58:50.178Z",1,1,"Got it ro change my availability. Straight up didnt work. Why do companies use this?"
"HotSchedules","Julian Cancel","2025-03-08T18:32:40.803Z",1,1,"Why did you remove the Widget!? Bring it back!"
"HotSchedules","Sabrina C","2025-03-08T09:56:25.280Z",1,1,"Very cool- newest update crashes the app the second I try to open it, it's practically a digital paperweight now"
"HotSchedules","Kyle Schultz","2025-03-08T05:31:15.186Z",1,2,"App isnt good just use the website"
"HotSchedules","Devin Dettman","2025-03-08T03:05:56.601Z",2,0,"Been told about released shifts but cannot see them for the life of me."
"Planday","kelly kujawa","2025-03-07T18:40:12.259Z",1,0,"o slow i. always signing in late as it dodnt load can take up to 20 mins !"
"HotSchedules","William Huneke-Kirks","2025-03-06T23:50:26.299Z",2,3,"Why did you remove the widget? Why? I've had it on my phone home screen for years and you just took it out. Please add it back. I need it so I can see when I work the moment I open my phone."
"Planday","Michael Richardson","2025-03-06T20:24:59.900Z",1,1,"awful at locations forever saying im in Africa when in uk, app doesn't sign out when press it, frequently freezes and crashes, as a manager trying to approve and fix shifts nothing works first time, this day and age you would expect and simple app like this too work"
"HotSchedules","Hailie Rodriguez","2025-03-06T19:43:11.357Z",1,3,"give me back my widget, you cowards"
"HotSchedules","Matt Murphy","2025-03-06T15:04:47.696Z",1,3,"New update removed widget option"
"HotSchedules","K Jones","2025-03-05T12:53:59.392Z",1,4,"The only redeeming quality of this app was the widget and its been discontinued. 0/10 don't recommend."
"Planday","Jenny O'Connell","2025-03-05T06:44:04.790Z",1,1,"Terrible app. Constantly freezing and crashing. Reinstalled/relogged in multiple times. Phone software up to date. Unable to use the app for what its for a lot of the time and have to contact management to confirm bookings."
"HotSchedules","ZombiesChick","2025-03-05T05:47:46.911Z",1,2,"Bring the widget back that was more useful than anything else"
"HotSchedules","T","2025-03-04T04:37:55.420Z",2,6,"After the most recent update, I lost the ability to make a widget for my upcoming shifts."
"HotSchedules","Kayla Romine","2025-03-04T02:45:36.351Z",1,5,"My widget disappeared. Can we have it back?"
"HotSchedules","Bob M","2025-03-03T20:41:24.485Z",2,4,"It's basic. I wish they would bring the widget back. It was great to be able to easily see your whole week."
"HotSchedules","Dee Jay","2025-03-03T14:51:00.883Z",1,4,"where did the widget go?"
"Planday","Abu Musaraf 7","2025-02-28T17:42:41.893Z",1,1,"I am trying to use this app for since one week . But it is not working properly. It is continuously crashing/ closing by it's own. While I am trying to check open shifts/schedule. Worst experience ever."
"HotSchedules","Dylan Flurry","2025-02-11T03:02:38.228Z",1,1,"I recently tried to pick up a shift from another Co-worker, he said dropped the shift for me to pick up, HOWEVER It didn't appear on my screen, I restarted the app and still didn't appear! This app needs an Update Immediately, it's preventing me from picking up shifts, and it's annoying!"
"HotSchedules","Marlene","2025-02-10T00:13:25.851Z",1,0,"Late to work cause this app won't show my schedule or messages"
"HotSchedules","Champaigne Macier","2025-01-25T05:59:10.149Z",1,0,"I'm unable to log into my hotschedule, when I put in my forgot password, and try to reset my password, it says there's an error, after I did everything correctly!"
"HotSchedules","joel greiner","2025-01-21T06:33:39.426Z",2,4,"I recently had to reinstall hot schedules.now I can't see my schedule or anyone's period.or any messages in my account. I've un-installed, reinstalled it 6times. Checked for updates ect. Nothing works. I can still see fellow employees names in the contacts,but that's literally it. Can hot schedules figure this out please. I'm not the only one either. Android user FYI. Thanks"
"HotSchedules","Maya s","2025-01-12T18:54:18.479Z",1,0,"Anytime I open up the app it takes me to my messenger app instead? Weird"
"HotSchedules","storm mx","2024-12-17T18:25:07.822Z",1,0,"It won't work and I already pay for it that's a theft"
"HotSchedules","Retro Rob","2024-12-16T22:41:42.140Z",1,1,"Crashing a lot even after multiple downloads/installs. Brand new phone and great service so it's 100% on HotSchedules :( Not good. **2024 update: STILL prone to errors like ""502 bad gateway""**"
"HotSchedules","Miss Kariss","2024-12-16T18:03:27.517Z",1,0,"Always needs an update, always lagging. There is just always something wrong with this app."
"HotSchedules","Robyn Ann","2024-12-16T17:57:58.394Z",1,0,"The app fails to load more often than it actually loads. Constantly getting the loading circle, making it impossible to use."
"HotSchedules","Amy Brock","2024-12-13T15:56:24.109Z",2,1,"On my Android device, I can no longer see the location of my shift. I have to check my emails separately for the information."
"HotSchedules","Graham Huston","2024-12-09T15:49:35.780Z",2,4,"Works ok. Bland look and not many customization options for employees and employees at the manager level. Just a basic scheduler, nothing remarkable or recommendable."
"HotSchedules","Jacqui Hollingsworth","2024-12-02T15:01:46.200Z",2,0,"The app is great for iPhone but horrible for Android. The update made it equal and for a week I loved the app, but they changed it back to the old layout. I don't understand why it's so bad for Android? Please give me the update back."
"HotSchedules","James Marteeny","2024-11-26T17:43:12.724Z",1,1,"Why is IOS able to see others shift locations but on Android you can't? Why get rid of AM/PM time slots? This app was okay/good, but now it's horrible and I hate having to use it. I can get past the horrible new look and it being less user friendly but they seriously need to bring back the functions of seeing where people are and if they are AM or PM. Us servers hate it. Our managers hate it. Go back to what worked."
"HotSchedules","Tracy Liechti","2024-11-26T13:53:37.600Z",2,1,"The last update is aweful."
"HotSchedules","Kathy Day","2024-11-25T18:44:28.506Z",1,1,"Hate the new update"
"HotSchedules","Jackie Gaydish","2024-11-25T15:31:04.374Z",1,1,"Why did you change it so much. Don't like the new look. I do not like how when you want to see who's working it gives you both shifts together... just roll back that update💯 ZERO STARS if I could give it. Why change a good thing. It didn't improve anything.... I'm glad I only had to pay for this app once...🙄 Rant over"
"HotSchedules","Xavier Erickson","2024-11-25T14:29:23.229Z",1,1,"New updaye/layout is absolutely horrible"
"HotSchedules","Cameron Schmitz","2024-11-25T10:00:17.584Z",2,1,"Loved the app an update or 2 ago, when the background was the solid gray and bold blue this transparent update is all confusing, and looking at shifts the times are not in order and most of the time don't show accurate. I like the vision, but I'd go back and iron things out before pushing it. Nothing was wrong with it before."